<?xml version="1.0" encoding="UTF-8"?>
<xtcommerceplugin>

  <code>xt_payment_restriction</code>
  <version>5.0.5</version>
  <type>payment</type>
  
  <minimum_store_version>6.2.2</minimum_store_version>
  
  <developer>xt:Commerce</developer>
  <url>https://www.xt-commerce.com</url>
  
  <marketplace_link><![CDATA[https://addons.xt-commerce.com/index.php?page=product&info=5544]]></marketplace_link>
  <documentation_link><![CDATA[https://xtcommerce.atlassian.net/wiki/pages/viewpage.action?pageId=917692]]></documentation_link>
  
  <title>Payment Restrictions</title>
  <icon>xt-commerce_logo.jpg</icon>
  
  <db_install><![CDATA[

            if(!defined('DB_STORAGE_ENGINE'))
            {
                $sel_engine = 'innodb';
                $sql_version = $db->GetOne("SELECT VERSION() AS Version");
                if(version_compare($sql_version, '5.6') == -1)
                {
                    $sel_engine = 'myisam';
                }
                define('DB_STORAGE_ENGINE', $sel_engine);
            }

			$db->Execute("DROP TABLE IF EXISTS ".DB_PREFIX."_payment_restriction;");
			
			$db->Execute("CREATE TABLE ".DB_PREFIX."_payment_restriction (
			  id int(11) NOT NULL auto_increment,
			  customers_status_id int(11) NOT NULL,
			  payment_id int(11) NOT NULL default '0',
			  restriction_class enum('order_count','order_amount') NOT NULL default 'order_count',
			  restriction_value decimal(15,4) NOT NULL default '0.0000',
			  order_status int(11) NOT NULL default '0',
			  PRIMARY KEY  (`id`)
			) ENGINE=".DB_STORAGE_ENGINE.";");
			]]></db_install>
  <db_uninstall><![CDATA[
				$db->Execute("DROP TABLE IF EXISTS ".DB_PREFIX."_payment_restriction;");
			]]></db_uninstall>
  <plugin_code>
    <code>
      <hook>class.customers_status.php:_getParams</hook>
      <phpcode><![CDATA[include_once _SRV_WEBROOT . _SRV_WEB_PLUGINS . 'xt_payment_restriction/hooks/class.customers_status.php__getParams.php';]]></phpcode>
      <order>1</order>
      <active>1</active>
    </code>
    <code>
      <hook>page_registry.php:bottom</hook>
      <phpcode><![CDATA[
					define('TABLE_PAYMENT_RESTRICTION',DB_PREFIX.'_payment_restriction');
				]]></phpcode>
      <order>1</order>
      <active>1</active>
    </code>
    <code>
      <hook>admin_dropdown.php:dropdown</hook>
      <phpcode><![CDATA[
					if ($request['get']=='payment_restriction_class') {
						$result = array();
						$result[] =  array('id' => 'order_count',
                             'name' => TEXT_PAYMENT_RESTRICTION_COUNT,
                             'desc' => '');
						$result[] =  array('id' => 'order_amount',
                             'name' => TEXT_PAYMENT_RESTRICTION_AMOUNT,
                             'desc' => '');
					}
				]]></phpcode>
      <order>1</order>
      <active>1</active>
    </code>
    <code>
      <hook>class.payment.php:_buildData_filter</hook>
      <phpcode><![CDATA[
if($_SESSION['customer'])
{
    $rs = $db->Execute("SELECT * FROM ".TABLE_PAYMENT_RESTRICTION." WHERE payment_id=? and customers_status_id=?", array((int)$value['payment_id'], $customers_status->customers_status_id));
    if ($rs->RecordCount()>0) {
        $allow = true;
        while (!$rs->EOF) {
            if ($rs->fields['restriction_class']=='order_count') {
                $_value = $_SESSION['customer']->_getTotalOrderCount($rs->fields['order_status']);
                if ($_value<$rs->fields['restriction_value']) $allow=false;
            } else {
                $_value = $_SESSION['customer']->_getTotalOrderAmount($rs->fields['order_status']);
                if ($_value<$rs->fields['restriction_value']) $allow=false;
            }
            $rs->MoveNext();
        }
        if (!$allow) unset($value);
    }
}
				]]></phpcode>
      <order>1</order>
      <active>1</active>
    </code>
    <code>
      <hook>class.payment.php:_unset</hook>
      <phpcode><![CDATA[
					$db->Execute("DELETE FROM ". TABLE_PAYMENT_RESTRICTION ." WHERE payment_id = ?", array($id));
				]]></phpcode>
      <order>1</order>
      <active>1</active>
    </code>
    <code>
      <hook>css_admin.php:css</hook>
      <phpcode><![CDATA[
					echo '.xt_payment_restriction::before {font-family: "Font Awesome 5 Free";font-weight: 600;content: "\\f3d1";font-style: normal;}';
				]]></phpcode>
      <order>1</order>
      <active>1</active>
    </code>
  </plugin_code>
</xtcommerceplugin>
